お礼ID,お礼品名,発注商品名,定期便
1499439,(直貼)サイダーW,●485ml　三ツ矢サイダー　W（ダブル）,無
1512946,(直貼)スタバラ　シャルドネ,スタバラ_シャルドネ（ノンアル）350ml,無
1504919,(直貼)ドライ350ml×24本,スーパードライ　350ml,無
1506304,(直貼)クリスタル　350ml,クリスタル_ドライ　350ml,無
4768099,定1回)(直貼)DC350m24,クリスタル_ドライ　350ml,無
1501355,●(直貼)500mマルエフ24本,●500ml　マルエフ,無
1512921,(直貼)スタバラ Gフルーツ,スタバラ_グレープフルーツサワー（ノンアル）350ml,無
1504727,(直貼)ジョッキ340m×24本,生ジョッキ缶　340ml,無
1512915,(直貼)スタバラ　レモン,スタバラ_レモンサワー（ノンアル）350ml,無
4761191,定4回)(直貼)ドライ350ml,スーパードライ　350ml,無
4760787,定4回)(直貼)ドライ 350m,スーパードライ　350ml,無
4760805,定4回)(直貼)ドライ 350m,スーパードライ　350ml,無
4705612,定6回)(直貼)ドライ350ml,スーパードライ　350ml,無
1499909,●(直貼)500mウィルキン炭酸,●500ml　ウィルキンソン　炭酸水,無
1512912,(直貼)スタバラ ハイボール,スタバラ_ハイボールテイスト（ノンアル）350ml,無
4705611,定5回)(直貼)ドライ350ml,スーパードライ　350ml,無
4760793,定3回)(直貼)ドライ 350m,スーパードライ　350ml,無
4760808,定3回)(直貼)ドライ 350m,スーパードライ　350ml,無
4767799,定3回)(直貼)マル350ml,マルエフ　350ml,無
4767826,定3回)(直貼)マル350ml,マルエフ　350ml,無
4767833,定3回)(直貼)マル350ml,マルエフ　350ml,無
4767851,定3回)(直貼)マル350ml,マルエフ　350ml,無
4761217,定9回)(直貼)ドライ350ml,スーパードライ　350ml,無
4761207,定9回)(直貼)ドライ350ml,スーパードライ　350ml,無
1382417,(直貼)贅沢(グレフル)350m,贅沢搾り_グレープフルーツ　350ml,無
1512941,(直貼)スタバラ　ゆず,スタバラ_ゆずテイスト（ノンアル）350ml,無
1506303,(直貼)マルエフ 350ml,マルエフ　350ml,無
1509564,(直貼) Dゼロ 350ml,ドライゼロ（ノンアル）350ml,無
4760778,定3回)(直貼)ドライ 350m,スーパードライ　350ml,無
4768808,定1回)(直貼)ジョッキ340m,生ジョッキ缶　340ml,無
4768101,定3回)(直貼)DC350m24,クリスタル_ドライ　350ml,無
4767847,定3回)(直貼)マル350ml,マルエフ　350ml,無
4767842,定3回)(直貼)マル350ml,マルエフ　350ml,無
4767818,定3回)(直貼)マル350ml,マルエフ　350ml,無
4767755,定3回)(直貼)マル350ml,マルエフ　350ml,無
4760810,定2回)(直貼)ドライ 350m,スーパードライ　350ml,無
4760804,定3回)(直貼)ドライ 350m,スーパードライ　350ml,無
4760799,定3回)(直貼)ドライ 350m,スーパードライ　350ml,無
4760779,定4回)(直貼)ドライ 350m,スーパードライ　350ml,無
4760752,定3回)(直貼)ドライ 350m,スーパードライ　350ml,無
4760742,定3回)(直貼)ドライ 350m,スーパードライ　350ml,無
4760720,定4回)(直貼)ドライ 350m,スーパードライ　350ml,無
4760719,定3回)(直貼)ドライ 350m,スーパードライ　350ml,無
4651668,定12回)ドライ　350ml,スーパードライ　350ml,無
1512931,(直貼)スタバラ　アップル,スタバラ_完熟りんご（ノンアル）350ml,無
1381955,(直貼)Sフリ,スタイルフリー　350ml,無
1499868,●(直貼)500mウィル(レモン,●500ml　ウィルキンソン　レモン,無
1382427,(直貼)Slat グレフル,Slat_グレープフルーツサワー　350ml,無
4768809,定2回)(直貼)ジョッキ340m,生ジョッキ缶　340ml,無
4760740,定1回)(直貼)ドライ 350m,スーパードライ　350ml,無
4767858,定1回)(直貼)マル350ml,マルエフ　350ml,無
4767843,定4回)(直貼)マル350ml,マルエフ　350ml,無
4767848,定4回)(直貼)マル350ml,マルエフ　350ml,無
4767834,定4回)(直貼)マル350ml,マルエフ　350ml,無
4760743,定4回)(直貼)ドライ 350m,スーパードライ　350ml,無
4767827,定4回)(直貼)マル350ml,マルエフ　350ml,無
4761208,定10回)(直貼)ドライ350m,スーパードライ　350ml,無
4767756,定4回)(直貼)マル350ml,マルエフ　350ml,無
4722698,定6回)(直貼)ジョッキ340m,生ジョッキ缶　340ml,無
4767840,定1回)(直貼)マル350ml,マルエフ　350ml,無
1500122,●(直貼)生ジョッキ　485ml,●485ml　生ジョッキ缶,無
4767831,定1回)(直貼)マル350ml,マルエフ　350ml,無
4734189,1539239_マルエフ350m×24_6回,マルエフ　350ml,無
4760753,1568923_ドライ350m【エコ】_4回,スーパードライ　350ml,無
4767753,1568935_マルエフ350m【エコ】_1回,マルエフ　350ml,無
1512938,(直貼)スタバラ　カシス,スタバラ_カシスオレンジ（ノンアル）350ml,無
4760777,定2回)(直貼)ドライ 350m,スーパードライ　350ml,無
1382418,(直貼)贅沢　桃　350ml,贅沢搾り_桃（もも）350ml,無
4767819,定4回)(直貼)マル350ml,マルエフ　350ml,無
4767800,定4回)(直貼)マル350ml,マルエフ　350ml,無
4760794,定4回)(直貼)ドライ 350m,スーパードライ　350ml,無
4768091,定1回)(直貼)DC350m24,クリスタル_ドライ　350ml,無
4767807,定1回)(直貼)マル350ml,マルエフ　350ml,無
4761218,定1回)(直貼)ドライ350ml,スーパードライ　350ml,無
4767859,定2回)(直貼)マル350ml,マルエフ　350ml,無
1382419,(直貼)贅沢(レモン)350m,贅沢搾り_レモン　350ml,無
1382420,(直貼)贅沢 キウイ　350m,贅沢搾り_キウイ　350ml,無
4760776,定1回)(直貼)ドライ 350m,スーパードライ　350ml,無
4760803,定2回)(直貼)ドライ 350m,スーパードライ　350ml,無
4767817,定2回)(直貼)マル350ml,マルエフ　350ml,無
4760717,定1回)(直貼)ドライ 350m,スーパードライ　350ml,無
4760750,定1回)(直貼)ドライ 350m,スーパードライ　350ml,無
4760806,定1回)(直貼)ドライ 350m,スーパードライ　350ml,無
1499441,●(直貼)500m三ツ矢(ゼロ),●500ml　三ツ矢サイダー　ZERO（ゼロストロング）,無
4761219,定2回)(直貼)ドライ350ml,スーパードライ　350ml,無
1508395,●(直貼)クリスタル 500ml,●500ml　クリスタル_ドライ,無
4761192,定5回)(直貼)ドライ350ml,スーパードライ　350ml,無
4760788,定5回)(直貼)ドライ 350m,スーパードライ　350ml,無
4768100,定2回)(直貼)DC350m24,クリスタル_ドライ　350ml,無
1381953,●485m　生ジョッキ5%×24,●485ml　生ジョッキ缶,無
4792937,1606265_スーパードライ　350_1回,スーパードライ　350ml,無
4793014,定1回)(直貼)マル 350ml,マルエフ　350ml,無
4760721,1568923_ドライ350m【エコ】_5回,スーパードライ　350ml,無
4760780,定5回)(直貼)ドライ 350m,スーパードライ　350ml,無
4760800,定4回)(直貼)ドライ 350m,スーパードライ　350ml,無
1390842,(直貼)リッチ350ml,アサヒ ザ・リッチ　350ml,無
4761220,定3回)(直貼)ドライ350ml,スーパードライ　350ml,無
1386739,(直貼)オフ,アサヒ　オフ　350ml,無
1501353,(直貼)●500mアサヒオフ24,●500ml　アサヒ　オフ,無
4767844,定5回)(直貼)マル350ml,マルエフ　350ml,無
4767835,定5回)(直貼)マル350ml,マルエフ　350ml,無
4760744,定5回)(直貼)ドライ 350m,スーパードライ　350ml,無
4767828,定5回)(直貼)マル350ml,マルエフ　350ml,無
4793067,定1回)(直貼)マル 350ml,マルエフ　350ml,無
4760741,定2回)(直貼)ドライ 350m,スーパードライ　350ml,無
4767757,定5回)(直貼)マル350ml,マルエフ　350ml,無
4794798,定1回)(直貼)生ジ340ml,生ジョッキ缶　340ml,無
4767841,定2回)(直貼)マル350ml,マルエフ　350ml,無
4761221,定4回)(直貼)ドライ350ml,スーパードライ　350ml,無
4792886,定1回)(直貼)ドライ350ml,スーパードライ　350ml,無
4793100,定1回)(直貼)DC 350ml,クリスタル_ドライ　350ml,無
4767832,定2回)(直貼)マル350ml,マルエフ　350ml,無
4760754,定5回)(直貼)ドライ 350m,スーパードライ　350ml,無
4793701,定1回)(直貼)ドライ350ml,スーパードライ　350ml,無
4767754,定2回)(直貼)マル350ml,マルエフ　350ml,無
4761222,定5回)(直貼)ドライ350ml,スーパードライ　350ml,無
4793050,定1回)(直貼)マル 350ml,マルエフ　350ml,無
4792832,定1回)(直貼)ドライ350ml,スーパードライ　350ml,無
1386738,(直貼)クリア,クリアアサヒ　350ml,無
4767820,定5回)(直貼)マル350ml,マルエフ　350ml,無
4767820,定5回)(直貼)マル350ml,マルエフ　350ml,無
4767801,定5回)(直貼)マル350ml,マルエフ　350ml,無
4760795,定5回)(直貼)ドライ 350m,スーパードライ　350ml,無
4768092,定2回)(直貼)DC350m24,クリスタル_ドライ　350ml,無
4767808,定2回)(直貼)マル350ml,マルエフ　350ml,無
4793702,定2回)(直貼)ドライ350ml,スーパードライ　350ml,無
4760718,定2回)(直貼)ドライ 350m,スーパードライ　350ml,無
4760751,定2回)(直貼)ドライ 350m,スーパードライ　350ml,無
4761223,定6回)(直貼)ドライ350ml,スーパードライ　350ml,無
4761193,定6回)(直貼)ドライ350ml,スーパードライ　350ml,無
4760789,定6回)(直貼)ドライ 350m,スーパードライ　350ml,無
4793703,定3回)(直貼)ドライ350ml,スーパードライ　350ml,無
4792938,定2回)(直貼)ドライ350ml,スーパードライ　350ml,無
4793009,定1回)(直貼)マルエフ350m,マルエフ　350ml,無
4761224,定7回)(直貼)ドライ350ml,スーパードライ　350ml,無
4793015,定2回)(直貼)マル 350ml,マルエフ　350ml,無
4760722,定6回)(直貼)ドライ 350m,スーパードライ　350ml,無
4760781,定6回)(直貼)ドライ 350m,スーパードライ　350ml,無
4760801,定5回)(直貼)ドライ 350m,スーパードライ　350ml,無
4794784,定1回)(直貼)生ジ 340ml,生ジョッキ缶　340ml,無
4793102,定1回)(直貼)DC 350ml,クリスタル_ドライ　350ml,無
4767836,定6回)(直貼)マル350ml,マルエフ　350ml,無
4760745,定6回)(直貼)ドライ 350m,スーパードライ　350ml,無
4767829,定6回)(直貼)マル350ml,マルエフ　350ml,無
4793068,定2回)(直貼)マル 350ml,マルエフ　350ml,無
4794819,定1回)(直貼)生ジ340ml,生ジョッキ缶　340ml,無
4761225,定8回)(直貼)ドライ350ml,スーパードライ　350ml,無
4767758,定6回)(直貼)マル350ml,マルエフ　350ml,無
4794799,定2回)(直貼)生ジ340ml,生ジョッキ缶　340ml,無
4792887,定2回)(直貼)ドライ350ml,スーパードライ　350ml,無
4794834,定1回)(直貼)生ジ340ml,生ジョッキ缶　340ml,無
4760755,定6回)(直貼)ドライ 350m,スーパードライ　350ml,無
4793051,定2回)(直貼)マル 350ml,マルエフ　350ml,無
4792833,定2回)(直貼)ドライ350ml,スーパードライ　350ml,無
1581483,(直貼)Slat シャルドネ,Slat_シャルドネサワー　350ml,無
4767821,1568935_マルエフ350m【エコ】_6回,マルエフ　350ml,無
4767802,1568935_マルエフ350m【エコ】_6回,マルエフ　350ml,無
4760796,定6回)(直貼)ドライ 350m,スーパードライ　350ml,無
4767809,定3回)(直貼)マル350ml,マルエフ　350ml,無
4793734,定1回)(直貼)ドライ350ml,スーパードライ　350ml,無
4794765,定1回)(直貼)生ジ340ml,生ジョッキ缶　340ml,無
4794885,定1回)(直貼)生ジ340ml,生ジョッキ缶　340ml,無
4761194,定7回)(直貼)ドライ350ml,スーパードライ　350ml,無
4760790,定7回)(直貼)ドライ 350m,スーパードライ　350ml,無
4792939,定3回)(直貼)ドライ350ml,スーパードライ　350ml,無
4793016,定3回)(直貼)マル 350ml,マルエフ　350ml,無
4793010,定2回)(直貼)マルエフ350m,マルエフ　350ml,無
4802115,定1回)D●500ml(直貼),●500ml　スーパードライ,無
4793735,定2回)(直貼)ドライ350ml,スーパードライ　350ml,無
4803390,定1回)マル●500ml(直貼),●500ml　マルエフ,無
4793088,定1回)(直貼)マル 350ml,マルエフ　350ml,無
4760723,定7回)(直貼)ドライ 350m,スーパードライ　350ml,無
4760782,定7回)(直貼)ドライ 350m,スーパードライ　350ml,無
4794785,定2回)(直貼)生ジ 340ml,生ジョッキ缶　340ml,無
4793103,定2回)(直貼)DC 350ml,クリスタル_ドライ　350ml,無
4760746,定7回)(直貼)ドライ 350m,スーパードライ　350ml,無
4767830,定7回)(直貼)マル350ml,マルエフ　350ml,無
4793069,定3回)(直貼)マル 350ml,マルエフ　350ml,無
4794820,定2回)(直貼)生ジ340ml,生ジョッキ缶　340ml,無
4793736,定3回)(直貼)ドライ350ml,スーパードライ　350ml,無
4767759,定7回)(直貼)マル350ml,マルエフ　350ml,無
4794800,定3回)(直貼)生ジ340ml,生ジョッキ缶　340ml,無
4792888,定3回)(直貼)ドライ350ml,スーパードライ　350ml,無
4794835,定2回)(直貼)生ジ340ml,生ジョッキ缶　340ml,無
4792892,定1回)(直貼)ドライ350ml,スーパードライ　350ml,無
4793101,定2回)(直貼)DC 350ml,クリスタル_ドライ　350ml,無
4760756,定7回)(直貼)ドライ 350m,スーパードライ　350ml,無
4793737,定4回)(直貼)ドライ350ml,スーパードライ　350ml,無
4793052,定3回)(直貼)マル 350ml,マルエフ　350ml,無
4792834,定3回)(直貼)ドライ350ml,スーパードライ　350ml,無
4792863,定1回)(直貼)ドライ350ml,スーパードライ　350ml,無
4794826,定1回)(直貼)生ジ340ml,生ジョッキ缶　340ml,無
1457972,【ギフト】ドライ ゼロ (ノンアルコール) 350ml × 1ケース(24本)【エコ】,【ギフト】ドライ ゼロ　(ノンアル) 350ml,無
4767822,定7回)(直貼)マル350ml,マルエフ　350ml,無
4767803,定7回)(直貼)マル350ml,マルエフ　350ml,無
4767810,定4回)(直貼)マル350ml,マルエフ　350ml,無
4793738,定5回)(直貼)ドライ350ml,スーパードライ　350ml,無
4792856,定1回)(直貼)ドライ350ml,スーパードライ　350ml,無
4808630,定1回)●500ml　Sフリ,●500ml　スタイルフリー,無
4809357,定1回)Sフリ　350ml,スタイルフリー　350ml,無
4793032,定1回)(直貼)マル 350ml,マルエフ　350ml,無