商品コード,お礼品名,発注商品名,定期便
49378-40007949,【日時指定可】スーパードライ 350ml,スーパードライ　350ml,無
49378-40007950,【日時指定可】生ジョッキ缶　340ml,生ジョッキ缶　340ml,無
49378-40005364,スタイルフリー　350ml,スタイルフリー　350ml,無
49378-40005365,●500ml　スタイルフリー,●500ml　スタイルフリー,無
49378-40005460,Slat(スラット)グレープフルーツサワー 350ml,Slat_グレープフルーツサワー　350ml,無
49378-40005459,Slat(スラット)シャルドネサワー 350ml,Slat_シャルドネサワー　350ml,無
49378-40005461,Slat(スラット)レモンサワー 350ml,Slat_レモンサワー　350ml,無
49378-40005462,Slat(スラット)白桃サワー 350ml,Slat_白桃サワー　350ml,無
49378-40005362,スーパードライ 350ml,スーパードライ　350ml,無
49378-40005363,●500ml　スーパードライ,●500ml　スーパードライ,無
49378-40005612,●500ml　アサヒ　オフ,●500ml　アサヒ　オフ,無
49378-40005688,アサヒ　オフ　350ml,アサヒ　オフ　350ml,無
49378-40007794,アサヒ ザ・リッチ　350ml,アサヒ ザ・リッチ　350ml,無
49378-40007793,●500ml アサヒ ザ・リッチ,●500ml　アサヒ ザ・リッチ,無
49378-40007676,スタイルバランス　カシスオレンジ　350ml,スタバラ_カシスオレンジ（ノンアル）350ml,無
49378-40007677,スタイルバランス　シャルドネ　350ml,スタバラ_シャルドネ（ノンアル）350ml,無
49378-40007675,スタイルバランス　完熟りんご　350ml,スタバラ_完熟りんご（ノンアル）350ml,無
49378-40005299,ドライゼロ　350ml,（ノンアル）　ドライゼロ　350ml,無
49378-40005300,●500ml　ドライゼロ(ノンアルコール),●500ml　ドライゼロ　(ノンアル),無
49378-40005293,マルエフ　350ml,マルエフ　350ml,無
49378-40005294,●500ml　マルエフ,●500ml　マルエフ,無
49378-40008050,●500ml　ウィルキンソン　クラッシュ・グレープフルーツ,●500ml　ウィルキンソン　クラッシュ・グレープフルーツ,無
49378-40006779,●500ml　ウィルキンソン　炭酸水,●500ml　ウィルキンソン　炭酸水,無
49378-40006780,●500ml　ウィルキンソン　レモン,●500ml　ウィルキンソン　レモン,無
49378-40005308,●500ml　クリアアサヒ,●500ml　クリアアサヒ,無
49378-40005613,●500ml　クリアアサヒ,●500ml　クリアアサヒ,無
49378-40005687,クリアアサヒ　350ml,クリアアサヒ　350ml,無
49378-40007672,スタイルバランス　グレープフルーツサワー 350ml,スタバラ_グレープフルーツサワー（ノンアル）350ml,無
49378-40007673,スタイルバランス　ゆずテイスト 350ml,スタバラ_ゆずテイスト（ノンアル）350ml,無
49378-40007671,スタイルバランス　レモンサワー 350ml,スタバラ_レモンサワー（ノンアル）350ml,無
49378-40007674,スタイルバランス 　ハイボールテイスト　350ml,スタバラ_ハイボールテイスト（ノンアル）350ml,無
49378-40006789,●400g　ワンダ極み　ブラック,●400g　ワンダ極み　ブラック,無
49378-40006788,ワンダ極み　微糖　370g,ワンダ極み　微糖　370g,無
49378-40005305,●485ml 生ジョッキ缶,●485ml　生ジョッキ缶,無
49378-40005304,生ジョッキ缶　340ml,生ジョッキ缶　340ml,無
49378-40005302,樽ハイ倶楽部 プレーンサワー　350ml,樽ハイ倶楽部_プレーンサワー　350ml,無
49378-40005303,樽ハイ倶楽部 レモンサワー　350ml,樽ハイ倶楽部_レモンサワー　350ml,無
49378-40005301,樽ハイ倶楽部 梅干しサワー　350ml,樽ハイ倶楽部_梅干しサワー　350ml,無
49378-40005295,贅沢搾り キウイ　350ml,贅沢搾り_キウイ　350ml,無
49378-40005296,贅沢搾り グレープフルーツ　350ml,贅沢搾り_グレープフルーツ　350ml,無
49378-40007430,贅沢搾り ぶどう　350ml,贅沢搾り_ぶどう　350ml,無
49378-40005298,贅沢搾り レモン　350ml,贅沢搾り_レモン　350ml,無
49378-40005297,贅沢搾り 桃　350ml,贅沢搾り_桃（もも）350ml,無
49378-40008102,●500ml 　三ツ矢サイダー,●500ml 　三ツ矢サイダー,無
49378-40008107,●三ツ矢サイダー　W（ダブル）485ml ×2ケース(1回便),【2ケース】●485ml　三ツ矢サイダー　W（ダブル）,無
49378-40008508,●500ml　贅沢搾り　レモン,●500ml　贅沢搾り　レモン,無
49378-40008106,●485ml　三ツ矢サイダー　W（ダブル）,●485ml　三ツ矢サイダー　W（ダブル）,無
49378-40008103,●三ツ矢サイダー 500ml × 2ケース,●500ml 　三ツ矢サイダー,無
49378-40008799,【ギフト・熨斗】生ジョッキ缶　340ml,生ジョッキ缶　340ml,無
49378-40008110,●500ml　三ツ矢サイダー　ゼロストロング ZERO,●500ml　三ツ矢サイダー　ZERO（ゼロストロング）,無
49378-40008798-03,【御中元】【ギフト・熨斗】スーパードライ　350ml,スーパードライ　350ml,無
49378-40008505,●500ml　贅沢搾り　キウイ,●500ml　贅沢搾り　キウイ,無
49378-40008800,【ギフト・熨斗】マルエフ　350ml,マルエフ　350ml,無
49378-40008798,【ギフト・熨斗】スーパードライ　350ml,スーパードライ　350ml,無
49378-40008183-1,★1回目【10ヶ月定期】スーパードライ　350ml,スーパードライ　350ml,有
49378-40008205-1,★1回目【10ヶ月定期】生ジョッキ缶　340ml,生ジョッキ缶　340ml,有
49378-40008195-1,★1回目【11ヶ月定期】マルエフ 350ml,マルエフ　350ml,有
49378-40008196-1,★1回目【12ヶ月定期】マルエフ 350ml,マルエフ　350ml,有
49378-40008108-1,★1回目【2ヶ月定期】三ツ矢サイダー　W（ダブル）485ml,●485ml　三ツ矢サイダー　W（ダブル）,有
49378-40008197-1,★1回目【2ヶ月定期】生ジョッキ缶　340ml,生ジョッキ缶　340ml,有
49378-40008531-1,★1回目【３ヶ月定期】アサヒ ザ・リッチ 350ml,アサヒ ザ・リッチ　350ml,有
49378-40008186-1,★1回目【2ヶ月定期】マルエフ　350ml,マルエフ　350ml,有
49378-40008519-1,★1回目【3ヶ月定期】Slat シャルドネサワー350ml,Slat_シャルドネサワー　350ml,有
49378-40008529-1,★1回目【３ヶ月定期】アサヒオフ　350ml,アサヒ　オフ　350ml,有
49378-40008530-1,★1回目【３ヶ月定期】クリア アサヒ 350ml,クリアアサヒ　350ml,有
49378-40008528-1,★1回目【３ヶ月定期】スタイルフリー 350ml,スタイルフリー　350ml,有
49378-40008523-1,★1回目【3ヶ月定期】贅沢搾り キウイ 350ml,贅沢搾り_キウイ　350ml,有
49378-40008525-1,★1回目【3ヶ月定期】贅沢搾り グレープフルーツ 350ml,贅沢搾り_グレープフルーツ　350ml,有
49378-40008524-1,★1回目【3ヶ月定期】贅沢搾り ぶどう 350ml,贅沢搾り_ぶどう　350ml,有
49378-40008526-1,★1回目【3ヶ月定期】贅沢搾り レモン 350ml,贅沢搾り_レモン　350ml,有
49378-40008176-1,★1回目【3ヶ月定期】スーパードライ 350ml,スーパードライ　350ml,有
49378-40008105-1,★1回目【3ヶ月定期】三ツ矢サイダー　500ml,●500ml 　三ツ矢サイダー,有
49378-40008109-1,★1回目【3ヶ月定期】三ツ矢サイダー　W（ダブル）485ml,●485ml　三ツ矢サイダー　W（ダブル）,有
49378-40008198-1,★1回目【３ヶ月定期】生ジョッキ缶 340ml,生ジョッキ缶　340ml,有
49378-40008177-1,★1回目【4ヶ月定期】スーパードライ 350ml,スーパードライ　350ml,有
49378-40008188-1,★1回目【4ヶ月定期】マルエフ 350ml,マルエフ　350ml,有
49378-40008199-1,★1回目【4ヶ月定期】生ジョッキ缶　340ml,生ジョッキ缶　340ml,有
49378-40008178-1,★1回目【5ヶ月定期】スーパードライ 350ml,スーパードライ　350ml,有
49378-40008189-1,★1回目【5ヶ月定期】マルエフ 350ml,マルエフ　350ml,有
49378-40008179-1,★1回目【6ヶ月定期】スーパードライ 350ml,スーパードライ　350ml,有
49378-40008201-1,★1回目【6ヶ月定期】生ジョッキ缶　340ml,生ジョッキ缶　340ml,有
49378-40008180-1,★1回目【7ヶ月定期】スーパードライ 350ml,スーパードライ　350ml,有
49378-40008191-1,★1回目【7ヶ月定期】マルエフ　350ml,マルエフ　350ml,有
49378-40008202-1,★1回目【7ヶ月定期】生ジョッキ缶　340ml,生ジョッキ缶　340ml,有
49378-40008203-1,★1回目【8ヶ月定期】生ジョッキ缶　340ml,生ジョッキ缶　340ml,有
49378-40008183-2,★2回目【10ヶ月定期】スーパードライ 350ml,スーパードライ　350ml,有
49378-40008184-2,★2回目【11ヶ月定期】スーパードライ 350ml,スーパードライ　350ml,有
49378-40008104-2,★2回目【2ヶ月定期】三ツ矢サイダー 500ml,●500ml 　三ツ矢サイダー,有
49378-40008108-2,★2回目【2ヶ月定期】三ツ矢サイダー　W（ダブル）485ml,●485ml　三ツ矢サイダー　W（ダブル）,有
49378-40008112-2,★2回目【2ヶ月定期】三ツ矢サイダー　ゼロストロング 500ml,●500ml　三ツ矢サイダー　ZERO（ゼロストロング）,有
49378-40008197-2,★2回目【2ヶ月定期】生ジョッキ缶 340ml,生ジョッキ缶　340ml,有
49378-40008520-2,★2回目【3ヶ月定期】Slat グレープフルーツサワー350ml,Slat_グレープフルーツサワー　350ml,有
49378-40008519-2,★2回目【3ヶ月定期】Slat シャルドネサワー　350ml,Slat_シャルドネサワー　350ml,有
49378-40008521-2,★2回目【3ヶ月定期】Slat レモンサワー350ml,Slat_レモンサワー　350ml,有
49378-40008522-2,★2回目【3ヶ月定期】Slat白桃 サワー 350ml,Slat_白桃サワー　350ml,有
49378-40008531-2,★2回目【３ヶ月定期】アサヒ ザ・リッチ 350ml,アサヒ ザ・リッチ　350ml,有
49378-40008529-2,★2回目【３ヶ月定期】アサヒオフ　350ml,アサヒ　オフ　350ml,有
49378-40008530-2,★2回目【３ヶ月定期】クリア アサヒ 350ml,クリアアサヒ　350ml,有
49378-40008528-2,★2回目【３ヶ月定期】スタイルフリー350ml,スタイルフリー　350ml,有
49378-40008525-2,★2回目【3ヶ月定期】贅沢搾り グレープフルーツ 350ml,贅沢搾り_グレープフルーツ　350ml,有
49378-40008198-2,★2回目【３ヶ月定期】生ジョッキ缶　340ml,生ジョッキ缶　340ml,有
49378-40008177-2,★2回目【4ヶ月定期】スーパードライ 350ml,スーパードライ　350ml,有
49378-40008188-2,★2回目【4ヶ月定期】マルエフ　350ml,マルエフ　350ml,有
49378-40008178-2,★2回目【5ヶ月定期】スーパードライ 350ml,スーパードライ　350ml,有
49378-40008200-2,★2回目【5ヶ月定期】生ジョッキ缶　340ml,生ジョッキ缶　340ml,有
49378-40008179-2,★2回目【6ヶ月定期】スーパードライ 350ml,スーパードライ　350ml,有
49378-40008190-2,★2回目【6ヶ月定期】マルエフ　350ml,マルエフ　350ml,有
49378-40008201-2,★2回目【6ヶ月定期】生ジョッキ缶　340ml,生ジョッキ缶　340ml,有
49378-40008181-2,★2回目【8ヶ月定期】スーパードライ 350ml,スーパードライ　350ml,有
49378-40008203-2,★2回目【8ヶ月定期】生ジョッキ缶　340ml,生ジョッキ缶　340ml,有
49378-40008182-2,★2回目【9ヶ月定期】スーパードライ 350ml,スーパードライ　350ml,有
49378-40008109-3,★3回目【3ヶ月定期】三ツ矢サイダー　W（ダブル） 485ml,●485ml　三ツ矢サイダー　W（ダブル）,有
49378-40008802,【ギフト・熨斗】アサヒ ザ・リッチ　350ml,アサヒ ザ・リッチ　350ml,無
49378-40008804,【ギフト・熨斗】アサヒ・オフ　350ml,アサヒ　オフ　350ml,無
49378-40008801,【ギフト・熨斗】スタイルフリー　350ml,スタイルフリー　350ml,無
49378-40008509,●500ml　贅沢搾り　ぶどう,●500ml　贅沢搾り　ぶどう,無
49378-40008111,三ツ矢サイダー　ゼロストロング 500ml × 2ケース,●500ml　三ツ矢サイダー　ZERO（ゼロストロング）,無
49378-40008521-1,★1回目【3ヶ月定期】Slat レモンサワー　350ml,Slat_レモンサワー　350ml,有
49378-40008112-1,★1回目【2ヶ月定期】三ツ矢サイダー　ゼロストロング 500ml,●500ml　三ツ矢サイダー　ZERO（ゼロストロング）,有
49378-40008182-1,★1回目【9ヶ月定期】スーパードライ　350ml,スーパードライ　350ml,有
49378-40008184-1,★1回目【11ヶ月定期】スーパードライ　350ml,スーパードライ　350ml,有
49378-40008109-2,★2回目【3ヶ月定期】三ツ矢サイダー　W（ダブル） 485ml,●485ml　三ツ矢サイダー　W（ダブル）,有
49378-40008181-1,★1回目【8ヶ月定期】スーパードライ　350ml,スーパードライ　350ml,有
49378-40008520-1,★1回目【3ヶ月定期】Slat グレープフルーツサワー 350ml,Slat_グレープフルーツサワー　350ml,有
49378-40008522-1,★1回目【3ヶ月定期】Slat白桃 サワー　350ml,Slat_白桃サワー　350ml,有
49378-40008190-1,★1回目【6ヶ月定期】マルエフ　350ml,マルエフ　350ml,有
49378-40008200-1,★1回目【5ヶ月定期】生ジョッキ缶　340ml,生ジョッキ缶　340ml,有
49378-40008104-1,★1回目【2ヶ月定期】三ツ矢サイダー 500ml,●500ml 　三ツ矢サイダー,有
49378-40008506,●500ml　贅沢搾り　グレープフルーツ,●500ml　贅沢搾り　グレープフルーツ,無
49378-40008507,●500ml 贅沢搾り　桃（もも）,●500ml　贅沢搾り　桃（もも）,無
49378-40008113-1,★1回目【3ヶ月定期】三ツ矢サイダー　ゼロストロング　500ml,●500ml　三ツ矢サイダー　ZERO（ゼロストロング）,有
49378-40008177-3,★3回目【4ヶ月定期】スーパードライ　350ml,スーパードライ　350ml,有
49378-40008178-3,★3回目【5ヶ月定期便】スーパードライ　350ml,スーパードライ　350ml,有
49378-40008182-3,★3回目【9ヶ月定期便】スーパードライ　350ml,スーパードライ　350ml,有
49378-40008183-3,★3回目【10ヶ月定期】スーパードライ　350ml,スーパードライ　350ml,有
49378-40008184-3,★3回目【11ヶ月定期】スーパードライ　350ml,スーパードライ　350ml,有
49378-40008186-2,★2回目【2ヶ月定期】マルエフ　350ml,マルエフ　350ml,有
49378-40008187-1,★1回目【３ヶ月定期】マルエフ　350ml,マルエフ　350ml,有
49378-40008188-3,★3回目【4ヶ月定期便】マルエフ　350ml,マルエフ　350ml,有
49378-40008189-2,★2回目【5ヶ月定期】マルエフ　350ml,マルエフ　350ml,有
49378-40008190-3,★3回目【6ヶ月定期便】マルエフ　350ml,マルエフ　350ml,有
49378-40008191-2,★2回目【7ヶ月定期】マルエフ　350ml,マルエフ　350ml,有
49378-40008193-1,★1回目【9ヶ月定期】マルエフ　350ml,マルエフ　350ml,有
49378-40008195-2,★2回目【11ヶ月定期】マルエフ　350ml,マルエフ　350ml,有
49378-40008196-2,★2回目【12ヶ月定期】マルエフ　350ml,マルエフ　350ml,有
49378-40008198-3,★3回目【３ヶ月定期便】生ジョッキ缶　340ml,生ジョッキ缶　340ml,有
49378-40008199-2,★2回目【4ヶ月定期】生ジョッキ缶　340ml,生ジョッキ缶　340ml,有
49378-40008200-3,★3回目【5ヶ月定期便】生ジョッキ缶　340ml,生ジョッキ缶　340ml,有
49378-40008201-3,★3回目【6ヶ月定期便】生ジョッキ缶　340ml,生ジョッキ缶　340ml,有
49378-40008202-2,★2回目【7ヶ月定期】生ジョッキ缶　340ml,生ジョッキ缶　340ml,有
49378-40008203-3,★3回目【8ヶ月定期便】生ジョッキ缶　340ml,生ジョッキ缶　340ml,有
49378-40008205-2,★2回目【10ヶ月定期】生ジョッキ缶　340ml,生ジョッキ缶　340ml,有
49378-40008519-3,★3回目【3ヶ月定期】Slat シャルドネサワー　350ml,Slat_シャルドネサワー　350ml,有
49378-40008520-3,★3回目【3ヶ月定期】Slat グレープフルーツサワー　350ml,Slat_グレープフルーツサワー　350ml,有
49378-40008521-3,★3回目【3ヶ月定期】Slat レモンサワー　350ml,Slat_レモンサワー　350ml,有
49378-40008523-2,★2回目【3ヶ月定期】贅沢搾り キウイ　350ml,贅沢搾り_キウイ　350ml,有
49378-40008524-2,★2回目【3ヶ月定期】贅沢搾り ぶどう　350ml,贅沢搾り_ぶどう　350ml,有
49378-40008525-3,★3回目【3ヶ月・毎月定期】贅沢搾り グレープフルーツ,贅沢搾り_グレープフルーツ　350ml,有
49378-40008526-2,★2回目【3ヶ月定期】贅沢搾り レモン　350ml,贅沢搾り_レモン　350ml,有
49378-40008528-3,★3回目【３ヶ月・毎月定期】スタイルフリー　350ml,スタイルフリー　350ml,有
49378-40008529-3,★3回目【３ヶ月・毎月定期】アサヒオフ　350ml,アサヒ　オフ　350ml,有
49378-40008530-3,★3回目【３ヶ月・毎月定期】クリア アサヒ　350ml,クリアアサヒ　350ml,有
49378-40008531-3,★3回目【３ヶ月・毎月定期】アサヒ ザ・リッチ　350ml,アサヒ ザ・リッチ　350ml,有
49378-40008179-3,★3回目【6ヶ月定期便】スーパードライ　350ml,スーパードライ　350ml,有
49378-40008522-3,★3回目【3ヶ月定期】Slat白桃 サワー　350ml,Slat_白桃サワー　350ml,有
49378-40008181-3,★3回目【8ヶ月定期便】スーパードライ　350ml,スーパードライ　350ml,有
49378-40008105-2,★2回目【3ヶ月定期】三ツ矢サイダー　500ml,●500ml 　三ツ矢サイダー,有
49378-40008180-2,★2回目【7ヶ月定期】スーパードライ　350ml,スーパードライ　350ml,有
49378-40008176-2,★2回目【3ヶ月定期】スーパードライ　350ml,スーパードライ　350ml,有
49378-40009364,予約『10月24日製造』スーパードライ 鮮度缶...,スーパードライ 鮮度缶 工場できたてのうまさ...,無
49378-40008803-01,【祝い無地】【ギフト・熨斗】クリアアサヒ　350ml,クリアアサヒ　350ml,無
49378-40005307,●アサヒ オフ　500ml,●500ml　アサヒ　オフ,無
49378-40008185-1,★1回目【12ヶ月定期】スーパードライ　350ml,スーパードライ　350ml,有
49378-40008207-1,★1回目【12ヶ月定期】生ジョッキ缶　340ml,生ジョッキ缶　340ml,有
49378-40009568,【増量CP】アサヒ スーパードライ 350ml,スーパードライ　350ml,無
49378-40009572,【増量CP】スタイルバランス プラス 香り華やぐハイボール,スタバラ_ハイボールテイスト（ノンアル）350ml,無
49378-40009569,【増量CP】生ジョッキ缶 スーパードライ 340ml,生ジョッキ缶　340ml,無
49378-40009570,【増量CP】アサヒ 生ビール マルエフ 350ml,マルエフ　350ml,無
49378-40009573,【増量CP】スタイルバランス プラス シャルドネ,スタバラ_シャルドネ（ノンアル）350ml,無
49378-40009571,【増量CP】スタイルバランス レモンサワー,スタバラ_レモンサワー（ノンアル）350ml,無
49378-40008194-1,★1回目【10ヶ月定期】マルエフ　350ml,マルエフ　350ml,有
49378-40008175-1,★1回目【2ヶ月定期】スーパードライ　350ml,スーパードライ　350ml,無
49378-40008204-1,★1回目【9ヶ月定期】生ジョッキ缶　340ml,生ジョッキ缶　340ml,有
49378-40008185-2,★2回目【12ヶ月定期】スーパードライ　350ml,スーパードライ　350ml,有
49378-40008207-2,★2回目【12ヶ月定期】生ジョッキ缶　340ml,生ジョッキ缶　340ml,有
49378-40008187-2,★2回目【３ヶ月定期】マルエフ　350ml,マルエフ　350ml,有
49378-40008113-2,★2回目【3ヶ月定期】三ツ矢サイダー ゼロ 500ml,●500ml　三ツ矢サイダー　ZERO,有
49378-40008193-2,★2回目【9ヶ月定期便】マルエフ　350ml,マルエフ　350ml,有
49378-40008523-3,★3回目【3ヶ月・毎月定期】贅沢搾り キウイ,贅沢搾り_キウイ　350ml,有
49378-40008524-3,★3回目【3ヶ月・毎月定期】贅沢搾り ぶどう,贅沢搾り_ぶどう　350ml,有
49378-40008526-3,★3回目【3ヶ月・毎月定期】贅沢搾り レモン,贅沢搾り_レモン　350ml,有
49378-40008176-3,★3回目【3ヶ月定期便】スーパードライ　350ml,スーパードライ　350ml,有
49378-40008205-3,★3回目【10ヶ月定期】生ジョッキ缶　340ml,生ジョッキ缶　340ml,有
49378-40008195-3,★3回目【11ヶ月定期】マルエフ　350ml,マルエフ　350ml,有
49378-40008196-3,★3回目【12ヶ月定期】マルエフ　350ml,マルエフ　350ml,有
49378-40008105-3,★3回目【3ヶ月定期】三ツ矢サイダー 500ml,●500ml 　三ツ矢サイダー,有
49378-40008199-3,★3回目【4ヶ月定期便】生ジョッキ缶　340ml,生ジョッキ缶　340ml,有
49378-40008189-3,★3回目【5ヶ月定期便】マルエフ　350ml,マルエフ　350ml,有
49378-40008191-3,★3回目【7ヶ月定期便】マルエフ　350ml,マルエフ　350ml,有
49378-40008202-3,★3回目【7ヶ月定期便】生ジョッキ缶　340ml,生ジョッキ缶　340ml,有
